1,104,21062NJQ21720Z9CBT2KOCVEHEXWON
4,3,21062NJQ21720Z9CBT2KOCVEHEXWON
5,64,21062NJQ21720Z9CBT2KOCVEHEXWON
7,55,21062NJQ21720Z9CBT2KOCVEHEXWON
9,54,21062NJQ21720Z9CBT2KOCVEHEXWON
11,68,21062NJQ21720Z9CBT2KOCVEHEXWON
13,7,21062NJQ21720Z9CBT2KOCVEHEXWON
14,41,21062NJQ21720Z9CBT2KOCVEHEXWON
15,159,21062NJQ21720Z9CBT2KOCVEHEXWON
16,58,21062NJQ21720Z9CBT2KOCVEHEXWON
1,104,2GH2MIKMN9U8QZYP2GNW0I3S0IFAR0
4,3,2GH2MIKMN9U8QZYP2GNW0I3S0IFAR0
5,64,2GH2MIKMN9U8QZYP2GNW0I3S0IFAR0
7,55,2GH2MIKMN9U8QZYP2GNW0I3S0IFAR0
9,54,2GH2MIKMN9U8QZYP2GNW0I3S0IFAR0
11,68,2GH2MIKMN9U8QZYP2GNW0I3S0IFAR0
13,7,2GH2MIKMN9U8QZYP2GNW0I3S0IFAR0
14,41,2GH2MIKMN9U8QZYP2GNW0I3S0IFAR0
15,159,2GH2MIKMN9U8QZYP2GNW0I3S0IFAR0
16,58,2GH2MIKMN9U8QZYP2GNW0I3S0IFAR0
